,L,I,V,G,A,P,Q,N,M,T,S,C,E,D,K,R,Y,F,W
I,5,,,,,,,,,,,,,,,,,,
V,9,7,,,,,,,,,,,,,,,,,
G,24,25,19,,,,,,,,,,,,,,,,
A,15,17,12,9,,,,,,,,,,,,,,,
P,23,24,20,17,16,,,,,,,,,,,,,,
Q,22,24,25,32,26,33,,,,,,,,,,,,,
N,20,23,23,26,25,31,10,,,,,,,,,,,,
M,20,22,23,34,25,31,13,21,,,,,,,,,,,
T,23,21,17,20,20,25,24,19,25,,,,,,,,,,
S,23,25,20,19,16,24,21,15,22,12,,,,,,,,,
C,24,26,21,21,13,25,22,19,17,19,13,,,,,,,,
E,30,31,31,37,34,43,14,19,26,34,29,33,,,,,,,
D,25,28,28,33,30,40,22,14,31,29,25,28,7,,,,,,
K,23,24,26,31,26,31,21,27,24,34,31,32,26,34,,,,,
R,33,34,36,43,37,43,23,31,28,38,37,36,31,39,14,,,,
Y,30,34,36,36,34,37,29,28,32,32,29,34,34,34,34,36,,,
F,19,22,26,29,26,27,24,24,24,28,25,29,35,35,28,34,13,,
W,30,34,37,39,36,37,31,32,31,38,35,37,43,45,34,36,21,13,
H,25,28,31,34,29,36,27,24,30,34,28,31,27,35,27,31,23,18,25
